{"eip":{"antimalware":{"softwares":{"software":[{"vendor":"Microsoft Corporation","product":"Windows Defender","major":4,"minor":18,"service":24090,"patch":11,"raw_version":"4.18.24090.11","is-running":true,"is-configured":true,"is-installed":true,"realtime-protection":true,"last-scan-time":"1738161216","last-definition-update":"1738307960"}]}},"firewall":{"softwares":{"software":[{"vendor":"Microsoft Corporation","product":"Windows Firewall","major":10,"minor":0,"service":22621,"patch":4541,"raw_version":"10.0.22621.4541","is-running":true,"is-configured":true,"is-installed":true}]}},"disk-backup":{"softwares":{"software":[{"vendor":"Microsoft Corporation","product":"Microsoft OneDrive","major":24,"minor":244,"service":1204,"patch":3,"raw-version":"24.244.1204.0003","is-running":false,"is-configured":true,"is-installed":true,"last-backup-time":"1725861474"},{"vendor":"Microsoft Corporation","product":"Windows Backup and Restore","major":10,"minor":0,"service":22621,"patch":1,"raw-version":"10.0.22621.1","is-running":false,"is-configured":true,"is-installed":true,"last-backup-time":"0"},{"vendor":"Microsoft Corporation","product":"Windows File History","major":10,"minor":0,"service":22621,"patch":1,"raw-version":"10.0.22621.1","is-running":false,"is-configured":true,"is-installed":true,"last-backup-time":"0"}]}},"disk-encryption":{"softwares":{"software":[{"vendor":"Microsoft Corporation","product":"BitLocker Drive Encryption","major":10,"minor":0,"service":22621,"patch":1,"raw_version":"10.0.22621.1","is-running":true,"is-configured":true,"is-installed":true,"locations":{"location":[{"path":"C:\\","status":"suspended"}]}}]}},"data_loss_prevention":{"softwares":{"software":[]}},"patch_management":{"softwares":{"software":[{"vendor":"Microsoft Corporation","product":"Windows Update Agent","major":1220,"minor":2407,"service":15022,"patch":0,"raw_version":"1220.2407.15022.0","is-running":true,"is-configured":true,"is-installed":true}]}},"public_file_sharing":{"softwares":{"software":[{"vendor":"Cisco Systems, Inc","product":"Webex","major":45,"minor":1,"service":0,"patch":31549,"raw_version":"45.1.0.31549","is-running":false,"is-configured":true,"is-installed":true}]}},"antiphishing":{"softwares":{"software":[{"vendor":"Google Inc.","product":"Google Chrome","major":132,"minor":0,"service":6834,"patch":160,"raw_version":"132.0.6834.160","is-running":true,"is-configured":true,"is-installed":true},{"vendor":"Microsoft Corporation","product":"Internet Explorer","major":11,"minor":1,"service":22621,"patch":0,"raw_version":"11.1.22621.0","is-running":false,"is-configured":true,"is-installed":true},{"vendor":"Microsoft Corporation","product":"Internet Explorer","major":11,"minor":1,"service":22621,"patch":0,"raw_version":"11.1.22621.0","is-running":false,"is-configured":true,"is-installed":true},{"vendor":"Microsoft Corporation","product":"Microsoft Edge","major":132,"minor":0,"service":2957,"patch":127,"raw_version":"132.0.2957.127","is-running":true,"is-configured":true,"is-installed":true}]}},"browser":{"softwares":{"software":[{"vendor":"Google Inc.","product":"Google Chrome","major":132,"minor":0,"service":6834,"patch":160,"raw_version":"132.0.6834.160","is-running":true,"is-configured":true,"is-installed":true},{"vendor":"Microsoft Corporation","product":"Internet Explorer","major":11,"minor":1,"service":22621,"patch":0,"raw_version":"11.1.22621.0","is-running":false,"is-configured":true,"is-installed":true},{"vendor":"Microsoft Corporation","product":"Internet Explorer","major":11,"minor":1,"service":22621,"patch":0,"raw_version":"11.1.22621.0","is-running":false,"is-configured":true,"is-installed":true},{"vendor":"Microsoft Corporation","product":"Microsoft Edge","major":132,"minor":0,"service":2957,"patch":127,"raw_version":"132.0.2957.127","is-running":true,"is-configured":true,"is-installed":true}]}},"health_agent":{"softwares":{"software":[{"vendor":"Dell Inc.","product":"Dell SupportAssist","major":4,"minor":6,"service":3,"patch":23467,"raw_version":"4.6.3.23467","is-running":false,"is-configured":true,"is-installed":true},{"vendor":"Microsoft Corporation","product":"Windows Security Health Agent","major":10,"minor":0,"service":22621,"patch":1,"raw_version":"10.0.22621.1","is-running":true,"is-configured":true,"is-installed":true}]}},"virtual_machine":{"softwares":{"software":[{"vendor":"Oracle Corporation","product":"VirtualBox","major":7,"minor":0,"service":8,"patch":0,"raw_version":"7.0.8","is-running":false,"is-configured":true,"is-installed":true}]}},"cloud_storage":{"softwares":{"software":[{"vendor":"Microsoft Corporation","product":"Microsoft OneDrive","major":24,"minor":244,"service":1204,"patch":3,"raw_version":"24.244.1204.0003","is-running":false,"is-configured":true,"is-installed":true}]}},"messenger":{"softwares":{"software":[{"vendor":"Microsoft Corporation","product":"Microsoft Teams","major":24335,"minor":208,"service":3315,"patch":1951,"raw_version":"24335.208.3315.1951","is-running":false,"is-configured":true,"is-installed":true},{"vendor":"Cisco Systems, Inc","product":"Webex","major":45,"minor":1,"service":0,"patch":31549,"raw_version":"45.1.0.31549","is-running":false,"is-configured":true,"is-installed":true}]}},"remote_control":{"softwares":{"software":[{"vendor":"Microsoft Corporation","product":"Microsoft Teams","major":24335,"minor":208,"service":3315,"patch":1951,"raw_version":"24335.208.3315.1951","is-running":false,"is-configured":true,"is-installed":true},{"vendor":"Microsoft Corporation","product":"Remote Desktop Connection","major":10,"minor":0,"service":22621,"patch":4391,"raw_version":"10.0.22621.4391","is-running":false,"is-configured":true,"is-installed":true}]}},"endpoint-security":{"softwares":{"software":[]}},"management-status":false,"custom":{"windows":{"registry":{"entries":{"entry":[{"registry_path":"HKEY_LOCAL_MACHINE\\System\\CurrentControlSet\\Control\\Session Manager\\BootExecute","value":"autocheck autochk *"},{"registry_path":"HKEY_LOCAL_MACHINE\\Software\\Microsoft\\Windows NT\\CurrentVersion\\Winlogon\\Userinit","value":"C:\\Windows\\system32\\userinit.exe,"}]}},"files":{"entries":{"entry":[{"file_path":"C:\\ProgramData\\Microsoft\\Windows\\Start Menu\\Programs\\Startup\\desktop.ini","value":true}]}}},"process":null},"general":{"user-name":"VZ_SAFE_5G_USER_5","hostname":"VZ_SAGE_5G_5","windows-domain":"WORKGROUP","os-major":10,"os-minor":0,"os-service":22631,"os-patch":0,"os-product":"Microsoft Windows 11 Pro","os-vendor":"Microsoft Corporation","host-id":"4C4C4544003147108032B9C04F395733","tpm-enabled":"true"},"context":{"generation-time":null,"report-time":null,"device-tunnel-ip":null,"device-mac":0,"vsac-version":null}},"GenerationTime":"1738353155","RealTimePosture":false}