[{"EnterpriseName":"banner008425a","Hash":0,"DataSent":false,"ReportTime":null,"AntimalwareDetectedList":null,"FirewallDetectedList":null,"EndpointSecurityList":null},{"EnterpriseName":"automa778085a","Hash":0,"DataSent":false,"ReportTime":null,"AntimalwareDetectedList":null,"FirewallDetectedList":null,"EndpointSecurityList":null},{"EnterpriseName":"testpr778111a","Hash":0,"DataSent":false,"ReportTime":null,"AntimalwareDetectedList":null,"FirewallDetectedList":null,"EndpointSecurityList":null},{"EnterpriseName":"dummy","Hash":0,"DataSent":false,"ReportTime":null,"AntimalwareDetectedList":[{"Vendor":"Microsoft Corporation","Product":"Windows Defender","Signature":477}],"FirewallDetectedList":[{"Vendor":"Microsoft Corporation","Product":"Windows Firewall","Signature":288}],"EndpointSecurityList":null}]